time_ns,event,frame_id
1865,source,1
58275,camera_complete,1
58295,nn_start,1
62415,source,2
118845,camera_complete,2
122965,source,3
179395,camera_complete,3
183525,source,4
239965,camera_complete,4
244075,source,5
247965,nn_complete,1
247985,nn_start,4
300485,camera_complete,5
304635,source,6
326575,display_commit,1
361045,camera_complete,6
365185,source,7
421605,camera_complete,7
425735,source,8
437685,nn_complete,4
437705,nn_start,7
441775,display_commit,4
482185,camera_complete,8
486295,source,9
542715,camera_complete,9
546845,source,10
556975,display_commit,4
603245,camera_complete,10
607405,source,11
627415,nn_complete,7
627435,nn_start,10
663795,camera_complete,11
667955,source,12
672175,display_commit,7
724485,camera_complete,12
728505,source,13
784935,camera_complete,13
787375,display_commit,7
789065,source,14
817165,nn_complete,10
817185,nn_start,13
845465,camera_complete,14
849615,source,15
902575,display_commit,10
906015,camera_complete,15
910175,source,16
966595,camera_complete,16
970725,source,17
1006915,nn_complete,13
1006935,nn_start,16
1017775,display_commit,13
1027115,camera_complete,17
1031275,source,18
1087715,camera_complete,18
1091835,source,19
1132975,display_commit,13
